uid,name,institute,pref,urban,capa,dev,enroll,over_rate
60,旭川医科大学,1,1,地方,972,68.605,172,1.047
40,小樽商科大学,1,1,地方,2060,54.77,515,1.115
50,帯広畜産大学,1,1,地方,1100,52.185,250,1.1159999999999999
70,北見工業大学,1,1,地方,1660,46.033,410,1.756
10,北海道大学,1,1,地方,10582,67.22800000000001,2485,1.056
20,北海道教育大学,1,1,地方,4815,51.48,1185,1.1
30,室蘭工業大学,1,1,地方,2480,45.562,600,1.27
80,弘前大学,1,2,地方,5894,55.967,1382,1.085
90,岩手大学,1,3,地方,4430,52.29600000000001,1075,1.1340000000000001
100,東北大学,1,4,地方,9994,66.33800000000001,2396,1.0979999999999999
110,宮城教育大学,1,4,地方,1380,54.312,345,1.11
120,秋田大学,1,5,地方,4185,54.025,953,1.1540000000000001
130,山形大学,1,6,地方,7035,52.608999999999995,1685,1.135
140,福島大学,1,7,地方,3840,52.055,945,1.158
150,茨城大学,1,8,地方,6410,52.715,1570,1.261
160,筑波大学,1,8,地方,8698,63.528999999999996,2088,1.117
165,筑波技術大学,1,8,地方,360,40.693000000000005,90,0.978
180,宇都宮大学,1,9,地方,3760,51.998000000000005,910,1.198
190,群馬大学,1,10,地方,4784,55.231,1098,1.127
200,埼玉大学,1,11,地方,6570,56.998999999999995,1620,1.33
210,千葉大学,1,12,都市圏,9859,61.218,2282,1.166
310,お茶の水女子大学,1,13,都市圏,1868,65.67699999999999,452,1.168
320,電気通信大学,1,13,都市圏,3226,56.739,790,1.1059999999999999
220,東京大学,1,13,都市圏,12586,78.195,3063,1.015
230,東京医科歯科大学,1,13,都市圏,1444,72.84899999999999,276,1.123
240,東京外国語大学,1,13,都市圏,3040,67.908,745,1.217
245,東京海洋大学,1,13,都市圏,1800,55.76,450,1.111
250,東京学芸大学,1,13,都市圏,4260,61.39,1065,1.1440000000000001
270,東京藝術大学,1,13,都市圏,1908,61.448,477,1.036
280,東京工業大学,1,13,都市圏,4332,70.464,1068,1.08
260,東京農工大学,1,13,都市圏,3424,60.04,821,1.149
330,一橋大学,1,13,都市圏,3820,76.642,955,1.0759999999999998
340,横浜国立大学,1,14,都市圏,6678,62.886,1662,1.246
370,上越教育大学,1,15,地方,640,52.512,160,1.138
360,長岡技術科学大学,1,15,地方,940,48.963,80,1.4
350,新潟大学,1,15,地方,9528,56.698,2247,1.119
380,富山大学,1,16,地方,7642,54.956,1800,1.175
400,金沢大学,1,17,地方,7376,61.744,1726,1.09
410,福井大学,1,18,地方,3740,55.957,855,1.109
430,山梨大学,1,19,地方,3605,51.92100000000001,825,1.1520000000000001
450,信州大学,1,20,地方,8479,55.91,2013,1.1640000000000001
460,岐阜大学,1,21,地方,5330,59.301,1237,1.15
470,静岡大学,1,22,地方,7890,54.818000000000005,1970,1.129
480,浜松医科大学,1,22,地方,965,70.057,175,1.057
500,愛知教育大学,1,23,都市圏,3500,58.533,875,1.12
520,豊橋技術科学大学,1,23,都市圏,1040,50.613,80,1.213
490,名古屋大学,1,23,都市圏,8816,68.60600000000001,2107,1.095
510,名古屋工業大学,1,23,都市圏,3760,57.475,930,1.14
530,三重大学,1,24,地方,5630,57.331,1310,1.128
540,滋賀大学,1,25,地方,3200,56.653999999999996,790,1.2919999999999998
550,滋賀医科大学,1,25,地方,936,71.344,160,1.006
560,京都大学,1,26,都市圏,11843,74.991,2866,1.024
570,京都教育大学,1,26,都市圏,1200,55.673,300,1.117
580,京都工芸繊維大学,1,26,都市圏,2585,57.096000000000004,610,1.205
590,大阪大学,1,27,都市圏,13516,70.141,3255,1.044
610,大阪教育大学,1,27,都市圏,3910,56.551,930,1.128
620,神戸大学,1,28,都市圏,10693,67.28,2547,1.074
640,兵庫教育大学,1,28,都市圏,640,53.941,160,1.119
650,奈良教育大学,1,29,地方,1020,55.352,255,1.0979999999999999
660,奈良女子大学,1,29,地方,1980,60.498000000000005,475,1.166
670,和歌山大学,1,30,地方,3700,53.746,910,1.202
680,鳥取大学,1,31,地方,4865,56.251000000000005,1140,1.173
690,島根大学,1,32,地方,4967,54.328,1157,1.157
710,岡山大学,1,33,地方,9384,60.119,2198,1.0959999999999999
720,広島大学,1,34,地方,10044,60.833,2358,1.128
730,山口大学,1,35,地方,8047,54.034,1917,1.145
740,徳島大学,1,36,地方,5678,55.644,1293,1.136
750,鳴門教育大学,1,36,地方,400,53.24100000000001,100,1.19
760,香川大学,1,37,地方,5305,54.506,1239,1.128
780,愛媛大学,1,38,地方,7540,53.382,1787,1.1540000000000001
790,高知大学,1,39,地方,4592,54.548,1075,1.16
820,九州大学,1,40,地方,10605,65.26899999999999,2555,1.1059999999999999
840,九州工業大学,1,40,地方,3904,52.441,941,1.129
810,福岡教育大学,1,40,地方,2520,54.438,630,1.143
850,佐賀大学,1,41,地方,5564,53.217,1301,1.185
870,長崎大学,1,42,地方,7046,55.972,1637,1.113
880,熊本大学,1,43,地方,7385,59.652,1722,1.1320000000000001
890,大分大学,1,44,地方,4625,53.556999999999995,1080,1.136
910,宮崎大学,1,45,地方,4415,54.129,1035,1.162
930,鹿児島大学,1,46,地方,8330,54.721000000000004,1950,1.124
940,鹿屋体育大学,1,46,地方,720,49.102,170,1.094
950,琉球大学,1,47,地方,6672,50.761,1582,1.189
1010,釧路公立大学,2,1,地方,1314,46.751000000000005,300,2.447
1015,公立はこだて未来大学,2,1,地方,960,48.463,240,1.179
1020,札幌医科大学,2,1,地方,1020,64.5,200,1.0
1018,札幌市立大学,2,1,地方,700,53.333,165,1.067
1012,名寄市立大学,2,1,地方,590,51.466,140,1.2570000000000001
1021,青森県立保健大学,2,2,地方,885,51.824,210,1.133
1022,青森公立大学,2,2,地方,1200,47.854,300,1.3130000000000002
1023,岩手県立大学,2,3,地方,1840,48.943999999999996,440,1.161
1024,宮城大学,2,4,地方,1680,51.532,415,1.1059999999999999
1026,秋田県立大学,2,5,地方,1560,49.086999999999996,390,1.344
1032,秋田公立美術大学,2,5,地方,220,47.412,100,1.21
1025,国際教養大学,2,5,地方,728,68.079,175,1.7830000000000001
1027,山形県立保健医療大学,2,6,地方,400,53.25,93,1.097
1033,山形県立米沢栄養大学,2,6,地方,168,52.732,40,1.15
1028,会津大学,2,7,地方,960,48.894,240,1.117
1030,福島県立医科大学,2,7,地方,1039,63.435,214,1.0190000000000001
1035,茨城県立医療大学,2,8,地方,680,55.428000000000004,170,1.047
1038,群馬県立県民健康科学大学,2,10,地方,460,53.559,115,1.104
1040,群馬県立女子大学,2,10,地方,842,55.034,200,1.59
1050,高崎経済大学,2,10,地方,3680,56.898999999999994,900,1.686
1055,前橋工科大学,2,10,地方,1170,49.368,267,1.3559999999999999
1057,埼玉県立大学,2,11,地方,1600,54.855,395,1.119
1059,千葉県立保健医療大学,2,12,都市圏,740,54.578,180,1.061
1065,首都大学東京,2,13,都市圏,6296,59.608999999999995,1570,1.287
1078,神奈川県立保健福祉大学,2,14,都市圏,939,57.84,230,1.091
1080,横浜市立大学,2,14,都市圏,3530,59.856,840,1.364
3383,長岡造形大学,2,15,地方,920,40.188,230,1.483
1082,新潟県立大学,2,15,地方,960,56.121,240,2.9960000000000004
1083,新潟県立看護大学,2,15,地方,380,52.596000000000004,93,1.097
1085,富山県立大学,2,16,地方,920,49.457,230,1.33
1091,石川県立大学,2,17,地方,480,51.571000000000005,120,1.3419999999999999
1092,石川県立看護大学,2,17,地方,340,52.488,80,1.088
1090,金沢美術工芸大学,2,17,地方,600,54.645,150,1.107
1094,敦賀市立看護大学,2,18,地方,50,54.946999999999996,50,1.42
1095,福井県立大学,2,18,地方,1500,54.568999999999996,375,1.515
1100,都留文科大学,2,19,地方,2760,54.481,690,1.642
1102,山梨県立大学,2,19,地方,1090,52.635,280,1.25
1105,長野県看護大学,2,20,地方,340,51.602,80,1.088
1115,岐阜県立看護大学,2,21,地方,320,54.75,80,1.025
1110,岐阜薬科大学,2,21,地方,640,65.742,120,1.7
1120,静岡県立大学,2,22,地方,2285,58.083,590,1.3419999999999999
1125,静岡文化芸術大学,2,22,地方,1200,54.601000000000006,300,1.3430000000000002
1130,愛知県立大学,2,23,都市圏,2840,57.257,710,1.186
1140,愛知県立芸術大学,2,23,都市圏,780,52.724,195,1.087
1150,名古屋市立大学,2,23,都市圏,3449,63.03,801,1.195
1152,三重県立看護大学,2,24,地方,400,54.586000000000006,100,1.1
1155,滋賀県立大学,2,25,地方,2360,53.597,600,1.218
1160,京都市立芸術大学,2,26,都市圏,792,58.675,200,1.0
1170,京都府立大学,2,26,都市圏,1683,60.494,404,1.183
1180,京都府立医科大学,2,26,都市圏,980,73.021,192,1.016
1200,大阪市立大学,2,27,都市圏,6019,64.686,1458,1.123
1210,大阪府立大学,2,27,都市圏,5450,61.799,1310,1.41
1220,神戸市外国語大学,2,28,都市圏,1720,63.235,430,1.181
1225,神戸市看護大学,2,28,都市圏,385,56.074,95,1.021
1235,兵庫県立大学,2,28,都市圏,5058,54.641999999999996,1257,1.508
1255,奈良県立大学,2,29,地方,630,54.993,150,1.62
1250,奈良県立医科大学,2,29,地方,1021,71.97,198,1.045
1260,和歌山県立医科大学,2,30,地方,915,63.806000000000004,180,1.022
4635,鳥取環境大学,2,31,地方,1112,48.105,276,1.605
1263,島根県立大学,2,32,地方,1158,52.159,300,1.403
1265,岡山県立大学,2,33,地方,1480,52.276,370,1.589
1266,新見公立大学,2,33,地方,240,53.25,60,1.25
1267,尾道市立大学,2,34,地方,1200,51.79,300,1.51
1271,県立広島大学,2,34,地方,2310,54.096000000000004,575,1.209
1275,広島市立大学,2,34,地方,1560,52.242,390,1.228
1287,福山市立大学,2,34,地方,1000,53.085,250,1.308
1290,下関市立大学,2,35,地方,1840,52.535,450,2.427
1300,山口県立大学,2,35,地方,1261,52.409,305,1.19
1304,香川県立保健医療大学,2,37,地方,360,53.0,90,1.056
1307,愛媛県立医療技術大学,2,38,地方,360,54.772,100,1.08
1310,高知県立大学,2,39,地方,1090,53.201,270,1.196
1309,高知工科大学,2,39,地方,1860,48.258,460,1.2409999999999999
1320,北九州市立大学,2,40,地方,5360,53.756,1340,1.297
1330,九州歯科大学,2,40,地方,670,61.333,120,1.042
1335,福岡県立大学,2,40,地方,960,52.04600000000001,240,1.442
1340,福岡女子大学,2,40,地方,960,57.0,240,1.196
1350,長崎県立大学,2,42,地方,2780,51.941,690,1.287
1360,熊本県立大学,2,43,地方,1920,51.861999999999995,480,1.315
1362,大分県立看護科学大学,2,44,地方,320,53.333,80,1.188
1365,宮崎県立看護大学,2,45,地方,400,53.851000000000006,100,1.16
1367,宮崎公立大学,2,45,地方,800,51.667,200,1.44
1380,沖縄県立看護大学,2,47,地方,320,50.0,80,1.038
1370,沖縄県立芸術大学,2,47,地方,420,47.32,105,1.067
1390,名桜大学,2,47,地方,1870,45.771,455,1.3430000000000002
1510,旭川大学,3,1,地方,880,41.306999999999995,220,1.1179999999999999
1520,札幌大学,3,1,地方,3980,44.56100000000001,900,1.662
1525,札幌大谷大学,3,1,地方,780,41.291000000000004,220,1.045
1530,札幌学院大学,3,1,地方,4180,41.555,890,1.775
1535,札幌国際大学,3,1,地方,1860,39.123000000000005,465,0.985
1536,札幌保健医療大学,3,1,地方,200,50.513999999999996,100,1.34
1538,千歳科学技術大学,3,1,地方,960,40.634,240,1.4080000000000001
1539,天使大学,3,1,地方,698,54.722,172,1.419
1540,星槎道都大学,3,1,地方,1160,42.0,260,0.7120000000000001
1545,苫小牧駒澤大学,3,1,地方,600,39.510999999999996,150,0.62
1548,日本赤十字北海道看護大学,3,1,地方,400,48.661,100,1.83
1550,函館大学,3,1,地方,540,39.086,120,1.913381824902313
1570,藤女子大学,3,1,地方,1920,47.699,480,2.819
1625,北翔大学,3,1,地方,1930,43.265,440,1.3230000000000002
1580,北星学園大学,3,1,地方,3350,52.875,801,2.512
1590,北海学園大学,3,1,地方,7180,48.141000000000005,1780,2.7889999999999997
1600,北海商科大学,3,1,地方,600,42.153,150,2.213
1560,北海道医療大学,3,1,地方,3063,47.318999999999996,675,3.716
1610,北海道科学大学,3,1,地方,3260,43.056000000000004,812,4.916
1620,北海道情報大学,3,1,地方,1700,39.022,450,1.124
1635,北海道文教大学,3,1,地方,2140,46.486999999999995,550,2.127
1640,北海道科学大学,3,1,地方,1260,43.056000000000004,812,4.916
1650,酪農学園大学,3,1,地方,3514,47.504,700,2.133
1655,稚内北星学園大学,3,1,地方,260,39.0,50,0.52
1660,青森大学,3,2,地方,1600,38.948,320,0.7909999999999999
1665,青森中央学院大学,3,2,地方,855,40.809,230,1.2830000000000001
1670,東北女子大学,3,2,地方,400,42.585,100,1.43
1680,八戸学院大学,3,2,地方,640,38.6,160,0.988
1690,八戸工業大学,3,2,地方,1600,37.603,400,0.988
1695,弘前医療福祉大学,3,2,地方,480,44.125,120,1.3419999999999999
1700,弘前学院大学,3,2,地方,1000,43.363,250,1.348
1710,岩手医科大学,3,3,地方,2156,52.653999999999996,363,1.645
1720,富士大学,3,3,地方,1080,38.78,270,0.693
1730,盛岡大学,3,3,地方,1600,45.115,400,2.195
1740,石巻専修大学,3,4,地方,1894,39.211999999999996,440,1.545
1745,尚絅学院大学,3,4,地方,1860,43.792,440,2.155
1750,仙台大学,3,4,地方,2096,41.902,500,1.456
1755,仙台白百合女子大学,3,4,地方,1230,45.0,300,1.84
1760,東北学院大学,3,4,地方,10074,49.483999999999995,2455,2.363
1770,東北工業大学,3,4,地方,3040,39.489000000000004,760,2.133
1780,東北生活文化大学,3,4,地方,440,41.446999999999996,110,1.255
1790,東北福祉大学,3,4,地方,4400,51.881,1100,2.5540000000000003
1795,東北文化学園大学,3,4,地方,2800,41.419,675,1.099
1800,東北医科薬科大学,3,4,地方,2080,45.431000000000004,340,1.874
1810,宮城学院女子大学,3,4,地方,3020,45.178000000000004,755,1.942
1815,秋田看護福祉大学,3,5,地方,360,48.0,90,2.5
1818,日本赤十字秋田看護大学,3,5,地方,400,46.81,100,1.5
1825,東北芸術工科大学,3,6,地方,1889,49.937,481,2.033
1827,東北公益文科大学,3,6,地方,960,42.227,235,1.17
1828,東北文教大学,3,6,地方,360,42.632,90,1.989
1830,医療創生大学,3,7,地方,2160,43.004,495,0.638
1840,奥羽大学,3,7,地方,1440,42.312,236,0.89
1850,郡山女子大学,3,7,地方,520,44.0,120,0.833
1855,東日本国際大学,3,7,地方,900,39.015,200,0.84
1857,福島学院大学,3,7,地方,320,42.0,80,0.375
1860,茨城キリスト教大学,3,8,地方,2300,43.474,550,2.095
1867,筑波学院大学,3,8,地方,800,39.923,200,0.63
1865,つくば国際大学,3,8,地方,1600,42.165,400,1.768
1870,常磐大学,3,8,地方,2892,42.672,700,1.5490000000000002
1880,流通経済大学,3,8,地方,5080,43.571000000000005,1230,1.546
1890,足利大学,3,9,地方,1800,38.238,480,1.2229999999999999
1925,宇都宮共和大学,3,9,地方,760,42.857,160,3.1189999999999998
1895,国際医療福祉大学,3,9,地方,5290,51.528999999999996,1270,2.057
1900,作新学院大学,3,9,地方,1350,39.707,300,0.977
1910,自治医科大学,3,9,地方,1128,67.965,228,2.276
1920,獨協医科大学,3,9,地方,1098,58.288000000000004,210,1.881
1930,白?大学,3,9,地方,4260,44.559,1100,2.504
1935,文星芸術大学,3,9,地方,500,40.69,95,0.611
1940,関東学園大学,3,10,地方,1400,38.264,350,0.677
1945,共愛学園前橋国際大学,3,10,地方,910,44.357,225,1.6219999999999999
1946,桐生大学,3,10,地方,600,44.83,140,1.629
1947,群馬医療福祉大学,3,10,地方,996,49.725,230,1.561
1949,群馬パース大学,3,10,地方,640,48.489,200,1.925
1950,上武大学,3,10,地方,1840,41.303999999999995,460,1.913381824902313
1952,高崎健康福祉大学,3,10,地方,2170,48.831,520,2.544
1953,高崎商科大学,3,10,地方,800,41.556999999999995,195,1.226
1962,浦和大学,3,11,地方,800,41.652,200,1.165
1965,共栄大学,3,11,地方,1320,45.111999999999995,330,1.882
1970,埼玉医科大学,3,11,地方,1730,54.333,365,0.5589999999999999
1975,埼玉学園大学,3,11,地方,1700,43.531000000000006,420,0.71
1980,埼玉工業大学,3,11,地方,2000,39.326,500,4.15
1985,十文字学園女子大学,3,11,地方,2800,44.451,680,1.681
1990,城西大学,3,11,地方,7555,44.455,1660,2.218
1995,尚美学園大学,3,11,地方,2740,41.313,660,1.155
2000,女子栄養大学,3,11,地方,1668,53.827,417,1.77
2010,駿河台大学,3,11,地方,3780,40.876,920,1.376
2020,聖学院大学,3,11,地方,2380,41.286,580,1.321
2025,西武文理大学,3,11,地方,1480,44.602,360,1.042
2030,東京国際大学,3,11,地方,5710,42.394,1455,1.896
2035,東都大学,3,11,地方,400,46.198,100,2.03
2040,東邦音楽大学,3,11,地方,420,40.446999999999996,100,1.913381824902313
2050,獨協大学,3,11,地方,7020,58.50899999999999,1750,3.5989999999999998
1991,日本医療科学大学,3,11,地方,1280,47.145,320,2.103
2060,日本工業大学,3,11,地方,4000,40.335,1000,1.7109999999999999
2062,日本保健医療大学,3,11,地方,400,46.534,100,2.16
2063,日本薬科大学,3,11,地方,2040,42.653,350,2.617
2065,人間総合科学大学,3,11,地方,920,41.273,230,1.57
2070,文教大学,3,11,地方,7560,54.295,1890,2.752
2077,平成国際大学,3,11,地方,1200,39.208,300,1.203
2079,武蔵野学院大学,3,11,地方,510,42.0,120,1.913381824902313
2086,ものつくり大学,3,11,地方,1200,36.39,300,1.587
2088,愛国学園大学,3,12,都市圏,400,42.0,100,1.913381824902313
2089,植草学園大学,3,12,都市圏,720,41.216,180,1.6440000000000001
2090,江戸川大学,3,12,都市圏,2200,38.778,550,1.2329999999999999
2095,亀田医療大学,3,12,都市圏,240,46.934,80,1.6380000000000001
2100,川村学園女子大学,3,12,都市圏,2000,43.181000000000004,500,1.43
2110,神田外語大学,3,12,都市圏,3489,55.04,823,2.491
2120,敬愛大学,3,12,都市圏,1732,40.328,385,1.535
2130,国際武道大学,3,12,都市圏,1760,40.452,440,1.541
2135,三育学院大学,3,12,都市圏,220,41.481,50,1.42
2230,秀明大学,3,12,都市圏,1920,46.07,430,1.3
2140,淑徳大学,3,12,都市圏,4660,43.43,1155,1.829
2145,城西国際大学,3,12,都市圏,6430,41.521,1510,1.3730000000000002
2150,聖徳大学,3,12,都市圏,4486,44.906000000000006,1200,2.134
2155,清和大学,3,12,都市圏,770,36.611999999999995,190,1.1420000000000001
2185,千葉科学大学,3,12,都市圏,2283,41.523,540,1.77
2160,千葉経済大学,3,12,都市圏,1000,40.283,250,0.996
2170,千葉工業大学,3,12,都市圏,7980,43.18,1995,5.662000000000001
2180,千葉商科大学,3,12,都市圏,5600,44.928000000000004,1400,1.3940000000000001
2190,中央学院大学,3,12,都市圏,2880,42.0,720,1.4280000000000002
2210,東京基督教大学,3,12,都市圏,160,38.87,33,0.6970000000000001
2220,東京情報大学,3,12,都市圏,2062,41.081,500,1.768
2235,開智国際大学,3,12,都市圏,630,39.059,150,1.913381824902313
2080,明海大学,3,12,都市圏,5650,41.818000000000005,1320,1.301
2238,了德寺大学,3,12,都市圏,960,42.898999999999994,240,1.546
2240,麗澤大学,3,12,都市圏,2400,45.325,600,1.915
2250,和洋女子大学,3,12,都市圏,2572,45.028999999999996,650,1.9340000000000002
2260,青山学院大学,3,13,都市圏,14924,65.855,3712,2.908
2270,亜細亜大学,3,13,都市圏,5280,50.793,1300,3.033
1960,跡見学園女子大学,3,13,都市圏,3480,46.52,870,2.129
2280,上野学園大学,3,13,都市圏,434,40.658,110,0.9
2300,桜美林大学,3,13,都市圏,7200,49.645,1800,2.162
2290,大妻女子大学,3,13,都市圏,5860,50.09,1400,2.6010000000000004
2305,嘉悦大学,3,13,都市圏,1535,38.102,400,1.453
2310,学習院大学,3,13,都市圏,7360,63.831,1865,2.653
2315,学習院女子大学,3,13,都市圏,1440,58.794,355,2.6510000000000002
2320,北里大学,3,13,都市圏,7187,58.931000000000004,1544,3.1189999999999998
2330,共立女子大学,3,13,都市圏,4300,51.628,1075,2.8201661701929033
2350,杏林大学,3,13,都市圏,4310,52.937,1008,3.176
2360,国立音楽大学,3,13,都市圏,1750,45.288000000000004,400,1.143
2370,慶應義塾大学,3,13,都市圏,26213,75.541,6304,1.6369999999999998
2380,恵泉女学園大学,3,13,都市圏,1680,42.824,410,5.68
2390,工学院大学,3,13,都市圏,5440,46.868,1360,2.674
2400,國學院大学,3,13,都市圏,8490,59.982,2180,2.719
2410,国際基督教大学,3,13,都市圏,2480,73.887,530,1.551
2420,国士舘大学,3,13,都市圏,11310,51.985,2820,2.963
2425,こども教育宝仙大学,3,13,都市圏,400,41.722,100,1.14
2430,駒澤大学,3,13,都市圏,13584,54.941,3215,3.553
2431,駒沢女子大学,3,13,都市圏,2180,43.87,530,2.377
3280,産業能率大学,3,13,都市圏,2830,48.731,810,2.12
2440,実践女子大学,3,13,都市圏,3548,50.165,920,3.054
2450,芝浦工業大学,3,13,都市圏,6440,57.535,1610,5.95
2460,順天堂大学,3,13,都市圏,3318,59.607,774,1.521
2470,上智大学,3,13,都市圏,10224,69.792,2801,2.8
2480,昭和大学,3,13,都市圏,3190,59.49,580,2.138
2490,昭和女子大学,3,13,都市圏,4494,52.455,1167,3.312
2500,昭和薬科大学,3,13,都市圏,1440,55.943000000000005,240,2.267
2515,白梅学園大学,3,13,都市圏,960,50.968,225,2.1109999999999998
2520,白百合女子大学,3,13,都市圏,1600,52.248000000000005,400,2.63
2530,杉野服飾大学,3,13,都市圏,1020,42.059,240,1.913381824902313
2540,成蹊大学,3,13,都市圏,6960,61.363,1740,3.22
2550,成城大学,3,13,都市圏,4860,60.111000000000004,1215,3.486
2560,聖心女子大学,3,13,都市圏,1905,59.0,465,1.8730000000000002
2570,清泉女子大学,3,13,都市圏,1560,54.111999999999995,390,2.523
2580,聖路加国際大学,3,13,都市圏,330,62.2,75,1.4269999999999998
2590,専修大学,3,13,都市圏,16000,56.125,4000,3.1630000000000003
2600,創価大学,3,13,都市圏,6300,53.521,1540,2.532
2610,大正大学,3,13,都市圏,3985,49.803000000000004,1035,2.5
2620,大東文化大学,3,13,都市圏,10360,46.537,2590,3.2539999999999996
2630,高千穂大学,3,13,都市圏,2200,40.444,550,1.893
2640,拓殖大学,3,13,都市圏,8400,48.525,2100,2.719
2650,多摩大学,3,13,都市圏,1880,40.867,470,2.106
2660,玉川大学,3,13,都市圏,6600,52.453,1640,2.944
2670,多摩美術大学,3,13,都市圏,4060,55.931999999999995,1015,2.29
2680,中央大学,3,13,都市圏,21968,66.24600000000001,5507,3.405
2690,津田塾大学,3,13,都市圏,2320,64.0,580,3.4410000000000003
2700,帝京大学,3,13,都市圏,23081,50.501000000000005,5288,2.34
3410,帝京科学大学,3,13,都市圏,4370,43.256,1080,1.821
2200,帝京平成大学,3,13,都市圏,9481,45.498999999999995,2385,2.398
2704,デジタルハリウッド大学,3,13,都市圏,1000,39.94,245,1.4980000000000002
2710,東海大学,3,13,都市圏,27626,45.75,6755,2.591
2715,東京有明医療大学,3,13,都市圏,680,41.82,170,1.1179999999999999
2720,東京医科大学,3,13,都市圏,880,71.762,200,2.185
2723,東京医療学院大学,3,13,都市圏,400,42.493,100,2.67
2725,東京医療保健大学,3,13,都市圏,1620,49.885,480,2.517
2730,東京音楽大学,3,13,都市圏,1240,45.0,310,1.4580000000000002
2740,東京家政大学,3,13,都市圏,5024,57.516000000000005,1415,2.1319999999999997
2750,東京家政学院大学,3,13,都市圏,2080,45.528,505,1.855
2760,東京経済大学,3,13,都市圏,5720,51.909,1390,3.69
2770,東京工科大学,3,13,都市圏,7135,49.1,1720,2.891
3340,東京工芸大学,3,13,都市圏,3940,43.153,985,2.205
2780,東京歯科大学,3,13,都市圏,840,59.0,140,1.5
2790,東京慈恵会医科大学,3,13,都市圏,850,76.0,170,2.488
2795,東京純心大学,3,13,都市圏,480,40.704,120,0.8079999999999999
2800,東京女子大学,3,13,都市圏,3560,60.385,890,4.256
2810,東京女子医科大学,3,13,都市圏,1020,60.074,200,1.605
2820,東京女子体育大学,3,13,都市圏,1280,40.967,350,1.3
2830,東京神学大学,3,13,都市圏,85,42.0,10,0.4
2835,東京聖栄大学,3,13,都市圏,640,42.582,160,2.431
2222,東京成徳大学,3,13,都市圏,2200,42.29600000000001,530,1.253
2840,東京造形大学,3,13,都市圏,1558,46.82899999999999,380,2.358
2850,東京電機大学,3,13,都市圏,7830,51.158,1950,2.8539999999999996
3080,東京都市大学,3,13,都市圏,6030,51.663999999999994,1475,3.861
2860,東京農業大学,3,13,都市圏,10088,55.699,2480,3.6710000000000003
1955,東京福祉大学,3,13,都市圏,4460,43.47,1070,1.68
2865,東京富士大学,3,13,都市圏,1148,41.0,287,0.84
2868,東京未来大学,3,13,都市圏,1220,43.782,340,1.459
2870,東京薬科大学,3,13,都市圏,3406,55.431999999999995,640,2.252
2880,東京理科大学,3,13,都市圏,14140,60.681999999999995,3505,4.996
2890,東邦大学,3,13,都市圏,4318,56.993,902,2.6189999999999998
2900,桐朋学園大学,3,13,都市圏,755,44.216,150,1.4869999999999999
2910,東洋大学,3,13,都市圏,24500,54.263000000000005,6220,3.2710000000000004
2225,東洋学園大学,3,13,都市圏,2810,43.256,655,1.177
2920,二松學舍大学,3,13,都市圏,2400,55.75,600,1.8
2930,日本大学,3,13,都市圏,57860,53.622,14080,2.471
2940,日本医科大学,3,13,都市圏,684,72.0,114,3.123
2950,日本歯科大学,3,13,都市圏,1680,46.646,198,2.207
2960,日本社会事業大学,3,13,都市圏,680,54.293,150,2.553
2970,日本獣医生命科学大学,3,13,都市圏,1560,60.56399999999999,360,2.406
2980,日本女子大学,3,13,都市圏,5202,61.18,1361,3.6889999999999996
2990,日本女子体育大学,3,13,都市圏,1828,47.16,457,1.646
3000,日本赤十字看護大学,3,13,都市圏,540,60.706,140,1.8430000000000002
3010,日本体育大学,3,13,都市圏,4810,48.25899999999999,1430,1.38
3020,日本文化大学,3,13,都市圏,800,42.0,200,1.1
3040,文化学園大学,3,13,都市圏,3880,42.342,920,0.9790000000000001
2075,文京学院大学,3,13,都市圏,4250,45.448,1175,2.502
3050,法政大学,3,13,都市圏,24906,63.823,6392,3.556
3060,星薬科大学,3,13,都市圏,1640,61.208999999999996,280,3.1889999999999996
3070,武蔵大学,3,13,都市圏,3720,61.916000000000004,930,3.78
3100,武蔵野大学,3,13,都市圏,6721,59.385,1828,2.22
3090,武蔵野音楽大学,3,13,都市圏,1540,43.94,310,0.7609999999999999
3110,武蔵野美術大学,3,13,都市圏,4062,57.218,986,1.621
3120,明治大学,3,13,都市圏,26500,68.178,6730,3.8139999999999996
3130,明治学院大学,3,13,都市圏,10520,59.638000000000005,2630,3.987
3140,明治薬科大学,3,13,都市圏,2040,58.231,360,2.4219999999999997
3150,明星大学,3,13,都市圏,7720,44.983999999999995,1930,2.53
2085,目白大学,3,13,都市圏,5510,45.602,1370,3.1239999999999997
3155,ヤマザキ動物看護大学,3,13,都市圏,720,41.77,180,1.633
3160,立教大学,3,13,都市圏,16530,68.49,4135,3.391
3170,立正大学,3,13,都市圏,9420,53.028999999999996,2355,2.494
3030,ルーテル学院大学,3,13,都市圏,400,46.288999999999994,90,1.3780000000000001
3180,和光大学,3,13,都市圏,3062,40.580999999999996,723,1.9780000000000002
3190,早稲田大学,3,13,都市圏,35760,73.183,8940,2.488
3200,麻布大学,3,14,都市圏,2202,57.626999999999995,480,2.9210000000000003
3210,神奈川大学,3,14,都市圏,16920,50.41,4230,2.861
3220,神奈川工科大学,3,14,都市圏,4340,41.373000000000005,1085,2.9210000000000003
3230,神奈川歯科大学,3,14,都市圏,720,45.0,100,1.57
3240,鎌倉女子大学,3,14,都市圏,2040,49.365,500,1.774
3250,関東学院大学,3,14,都市圏,10198,45.102,2554,2.8569999999999998
3270,相模女子大学,3,14,都市圏,3686,45.262,885,1.8090000000000002
3282,松蔭大学,3,14,都市圏,1506,38.446999999999996,486,1.913381824902313
3285,湘南工科大学,3,14,都市圏,2100,37.617,500,1.9780000000000002
3290,昭和音楽大学,3,14,都市圏,1180,43.228,275,1.3530000000000002
2510,女子美術大学,3,14,都市圏,2440,45.03,590,2.031
3300,聖マリアンナ医科大学,3,14,都市圏,685,67.47800000000001,115,1.974
3310,洗足学園音楽大学,3,14,都市圏,1510,40.722,420,1.2209999999999999
3320,鶴見大学,3,14,都市圏,2040,41.718999999999994,420,1.7069999999999999
3325,田園調布学園大学,3,14,都市圏,1200,39.249,290,1.486
3330,桐蔭横浜大学,3,14,都市圏,2315,42.486000000000004,500,1.952
3350,東洋英和女学院大学,3,14,都市圏,2000,47.983999999999995,500,3.5239999999999996
3355,日本映画大学,3,14,都市圏,640,44.773999999999994,140,1.913381824902313
3360,フェリス女学院大学,3,14,都市圏,2240,52.496,539,2.937
3370,横浜商科大学,3,14,都市圏,1200,37.444,300,1.32
3371,横浜創英大学,3,14,都市圏,480,42.652,160,1.8880000000000001
3372,横浜美術大学,3,14,都市圏,772,40.109,190,0.968
3373,横浜薬科大学,3,14,都市圏,2160,42.698,360,2.122
3375,敬和学園大学,3,15,地方,800,37.825,200,1.035
3382,長岡大学,3,15,地方,560,37.609,80,1.425
3384,新潟医療福祉大学,3,15,地方,3020,49.004,810,1.8090000000000002
3385,新潟経営大学,3,15,地方,800,37.301,190,1.274
3386,新潟工科大学,3,15,地方,970,36.992,240,1.129
3387,新潟国際情報大学,3,15,地方,1000,43.623000000000005,250,1.66
3390,新潟産業大学,3,15,地方,640,37.154,160,0.731
3395,新潟青陵大学,3,15,地方,795,49.356,195,2.164
3400,新潟薬科大学,3,15,地方,1560,43.623000000000005,300,2.033
3402,新潟リハビリテーション大学,3,15,地方,402,43.208,120,1.8419999999999999
3450,高岡法科大学,3,16,地方,480,37.905,120,0.875
3460,富山国際大学,3,16,地方,820,41.592,200,1.855
3470,金沢医科大学,3,17,地方,940,58.907,180,1.883
3500,金沢学院大学,3,17,地方,1900,39.506,460,2.048
3490,金沢工業大学,3,17,地方,5920,43.961999999999996,1480,3.011
3480,金沢星稜大学,3,17,地方,1910,42.68600000000001,500,2.076
3505,金城大学,3,17,地方,1180,44.676,290,1.631
3510,北陸大学,3,17,地方,2966,42.563,506,1.86
3512,北陸学院大学,3,17,地方,600,41.723,140,2.029
3515,仁愛大学,3,18,地方,1295,47.313,315,1.911
3520,福井工業大学,3,18,地方,2112,38.635,500,3.728
3412,健康科学大学,3,19,地方,1010,42.125,250,1.588
3415,身延山大学,3,19,地方,160,39.260999999999996,40,0.6
3417,山梨英和大学,3,19,地方,1040,42.446999999999996,250,1.913381824902313
3420,山梨学院大学,3,19,地方,3460,43.662,860,1.3769999999999998
3423,佐久大学,3,20,地方,350,47.373999999999995,90,1.811
3425,公立諏訪東京理科大学,3,20,地方,1200,39.361,300,2.137
3427,清泉女学院大学,3,20,地方,400,43.231,100,0.89
3430,長野大学,3,20,地方,1270,38.689,300,1.517
3437,松本大学,3,20,地方,1350,40.479,320,1.569
3440,松本歯科大学,3,20,地方,720,41.292,96,1.719
3530,朝日大学,3,21,地方,2840,41.61,628,1.105
3535,岐阜医療科学大学,3,21,地方,960,50.0,240,2.9330000000000003
3540,岐阜協立大学,3,21,地方,1400,37.681,350,1.2229999999999999
3560,岐阜聖徳学園大学,3,21,地方,2600,50.883,650,2.162
3550,岐阜女子大学,3,21,地方,1320,40.225,330,1.506
3565,中京学院大学,3,21,地方,960,40.936,236,1.551
3567,中部学院大学,3,21,地方,1690,43.971000000000004,400,1.71
3570,東海学院大学,3,21,地方,1460,42.277,360,1.913381824902313
3572,静岡英和学院大学,3,22,地方,1020,39.516,250,0.9079999999999999
3573,静岡産業大学,3,22,地方,2020,41.538000000000004,498,1.147
3576,静岡福祉大学,3,22,地方,746,39.658,200,1.32
3575,静岡理工科大学,3,22,地方,1440,39.305,360,2.1390000000000002
3577,聖隷クリストファー大学,3,22,地方,1430,49.961000000000006,350,1.9169999999999998
3580,常葉大学,3,22,地方,4410,46.13,1680,4.803999999999999
3592,浜松学院大学,3,22,地方,640,38.466,160,1.194
3600,愛知大学,3,23,都市圏,7960,55.843999999999994,1995,3.975
3610,愛知医科大学,3,23,都市圏,1060,63.06,210,3.0239999999999996
3620,愛知学院大学,3,23,都市圏,10595,49.895,2470,3.071
3630,愛知学泉大学,3,23,都市圏,1860,41.243,390,1.656
3635,愛知工科大学,3,23,都市圏,990,39.374,225,1.258
3640,愛知工業大学,3,23,都市圏,4800,48.525,1200,3.3139999999999996
3645,愛知産業大学,3,23,都市圏,1070,38.628,260,1.012
3650,愛知淑徳大学,3,23,都市圏,7753,55.011,1870,3.944
3717,愛知東邦大学,3,23,都市圏,1400,36.84,350,1.4
3653,愛知文教大学,3,23,都市圏,530,39.786,110,1.255
3655,愛知みずほ大学,3,23,都市圏,450,38.696,130,1.615
3657,桜花学園大学,3,23,都市圏,920,50.611000000000004,225,2.178
3658,岡崎女子大学,3,23,都市圏,200,47.0,100,2.42
3660,金城学院大学,3,23,都市圏,4930,52.175,1140,2.468
3700,至学館大学,3,23,都市圏,1130,50.0,260,1.704
3668,修文大学,3,23,都市圏,320,41.891999999999996,80,2.45
3670,椙山女学園大学,3,23,都市圏,5461,52.998000000000005,1342,2.9019999999999997
3675,星城大学,3,23,都市圏,1520,41.461000000000006,380,1.253
3680,大同大学,3,23,都市圏,2900,42.397,725,3.4589999999999996
3690,中京大学,3,23,都市圏,11160,57.821999999999996,2790,4.041
3710,中部大学,3,23,都市圏,9390,44.614,2500,2.7760000000000002
3715,東海学園大学,3,23,都市圏,3780,45.754,935,2.7760000000000002
3720,同朋大学,3,23,都市圏,1023,39.528,260,1.546
3730,豊田工業大学,3,23,都市圏,320,62.0,80,4.163
3735,豊橋創造大学,3,23,都市圏,864,45.243,216,1.755
3740,名古屋音楽大学,3,23,都市圏,720,41.306000000000004,180,0.889
3750,名古屋外国語大学,3,23,都市圏,3100,57.755,820,4.988
3760,名古屋学院大学,3,23,都市圏,5070,45.315,1340,3.182
3763,名古屋学芸大学,3,23,都市圏,2440,60.15,630,2.094
3770,名古屋経済大学,3,23,都市圏,2520,39.391,630,1.044
3780,名古屋芸術大学,3,23,都市圏,2840,44.217,710,0.983
3785,名古屋産業大学,3,23,都市圏,800,39.566,190,0.6629999999999999
3790,名古屋商科大学,3,23,都市圏,3464,43.711999999999996,887,0.941
3800,名古屋女子大学,3,23,都市圏,2360,52.213,600,3.093
3810,名古屋造形大学,3,23,都市圏,1040,41.348,260,1.1079999999999999
3815,名古屋文理大学,3,23,都市圏,1080,43.593,250,1.584
3820,南山大学,3,23,都市圏,8354,62.321000000000005,2075,5.443
3825,日本赤十字豊田看護大学,3,23,都市圏,480,56.0,120,2.4419999999999997
3830,日本福祉大学,3,23,都市圏,5126,46.742,1375,2.931
3835,人間環境大学,3,23,都市圏,800,41.0,200,0.885
3840,藤田医科大学,3,23,都市圏,2252,57.233000000000004,508,3.031
3850,名城大学,3,23,都市圏,13120,55.636,3155,3.6289999999999996
3860,皇學館大学,3,24,地方,2480,48.068000000000005,620,2.29
3865,鈴鹿医療科学大学,3,24,地方,2240,47.833999999999996,560,2.354
3867,鈴鹿大学,3,24,地方,740,40.193000000000005,140,1.693
3880,四日市大学,3,24,地方,960,40.0,240,1.0170000000000001
3881,四日市看護医療大学,3,24,地方,400,51.327,100,2.54
3885,成安造形大学,3,25,地方,820,40.641,200,1.485
3884,聖泉大学,3,25,地方,640,40.46,155,1.206
3886,長浜バイオ大学,3,25,地方,960,46.438,238,4.609
3889,びわこ学院大学,3,25,地方,380,39.727,120,1.083
3888,びわこ成蹊スポーツ大学,3,25,地方,1110,45.0,280,1.439
3890,大谷大学,3,26,都市圏,3040,42.464,760,2.23
3895,京都医療科学大学,3,26,都市圏,320,44.527,80,1.5
3900,京都外国語大学,3,26,都市圏,3590,49.503,843,2.765
3910,京都先端科学大学,3,26,都市圏,3600,40.4,900,1.29
3912,京都華頂大学,3,26,都市圏,400,42.67,105,1.238
3970,京都光華女子大学,3,26,都市圏,2018,48.167,440,2.073
3915,嵯峨美術大学,3,26,都市圏,778,40.87,180,0.872
3920,京都産業大学,3,26,都市圏,11160,51.478,2760,3.9419999999999997
3930,京都女子大学,3,26,都市圏,5340,61.041000000000004,1295,3.3510000000000004
3940,京都精華大学,3,26,都市圏,4392,44.288999999999994,1098,1.043
3945,京都造形芸術大学,3,26,都市圏,2882,47.096000000000004,718,1.932
3950,京都橘大学,3,26,都市圏,3335,49.93899999999999,855,3.92
4010,京都ノートルダム女子大学,3,26,都市圏,1756,42.73,430,1.57
3953,京都美術工芸大学,3,26,都市圏,380,49.353,95,1.063
3955,京都文教大学,3,26,都市圏,1730,45.583,420,1.881
3960,京都薬科大学,3,26,都市圏,2160,61.589,360,2.75
3980,種智院大学,3,26,都市圏,240,43.0,55,0.564
3947,福知山公立大学,3,26,都市圏,360,38.353,60,1.913381824902313
3990,同志社大学,3,26,都市圏,23630,66.70100000000001,6035,3.321
4000,同志社女子大学,3,26,都市圏,5660,58.825,1340,2.918
4020,花園大学,3,26,都市圏,2100,41.552,525,1.699
4030,佛教大学,3,26,都市圏,5645,52.226000000000006,1405,3.852
3887,平安女学院大学,3,26,都市圏,760,40.86,180,1.383
4040,明治国際医療大学,3,26,都市圏,864,39.869,200,0.95
4050,立命館大学,3,26,都市圏,28380,63.415,7017,4.737
4060,龍谷大学,3,26,都市圏,16868,56.445,4130,3.358
4063,藍野大学,3,27,都市圏,970,45.165,240,1.925
4065,追手門学院大学,3,27,都市圏,5380,46.665,1320,2.73
4068,大阪青山大学,3,27,都市圏,660,39.518,160,1.4380000000000002
4070,大阪医科大学,3,27,都市圏,1000,67.778,195,1.979
4220,大阪大谷大学,3,27,都市圏,2880,44.94,650,1.954
4080,大阪音楽大学,3,27,都市圏,900,39.44,210,1.033
4090,大阪学院大学,3,27,都市圏,6855,38.911,1380,1.339
4093,大阪河﨑リハビリテーション大学,3,27,都市圏,640,41.159,160,1.1440000000000001
4205,大阪観光大学,3,27,都市圏,800,44.06100000000001,190,0.605
4100,大阪経済大学,3,27,都市圏,6215,53.537,1565,2.438
4110,大阪経済法科大学,3,27,都市圏,1960,45.746,580,4.345
4120,大阪芸術大学,3,27,都市圏,4980,43.711999999999996,1245,1.636
4130,大阪工業大学,3,27,都市圏,6240,47.165,1520,3.492
4140,大阪国際大学,3,27,都市圏,3630,42.107,780,1.913381824902313
4150,大阪産業大学,3,27,都市圏,8440,44.648,2020,1.814
4160,大阪歯科大学,3,27,都市圏,960,49.358999999999995,128,1.156
4170,大阪樟蔭女子大学,3,27,都市圏,2900,44.318999999999996,670,1.315
4180,大阪商業大学,3,27,都市圏,4000,43.781000000000006,1000,3.445
4152,大阪女学院大学,3,27,都市圏,648,42.053000000000004,150,2.153
4185,大阪成蹊大学,3,27,都市圏,1510,44.488,457,1.913381824902313
4187,大阪総合保育大学,3,27,都市圏,480,49.007,110,1.5
4190,大阪体育大学,3,27,都市圏,2420,46.566,600,1.4
4200,大阪電気通信大学,3,27,都市圏,5030,40.438,1210,2.541
4155,大阪人間科学大学,3,27,都市圏,2035,40.549,540,0.9690000000000001
4202,大阪物療大学,3,27,都市圏,320,42.86,80,1.913381824902313
4203,大阪保健医療大学,3,27,都市圏,400,48.078,100,1.64
4210,大阪薬科大学,3,27,都市圏,1765,58.233999999999995,300,2.427
4212,大阪行岡医療大学,3,27,都市圏,320,42.059,80,1.913381824902313
4240,関西大学,3,27,都市圏,25451,62.317,6522,3.362
4250,関西医科大学,3,27,都市圏,664,71.554,112,1.913381824902313
4253,関西医療大学,3,27,都市圏,1006,49.063,260,1.946
4260,関西外国語大学,3,27,都市圏,9930,53.193999999999996,2270,2.231
4255,関西福祉科学大学,3,27,都市圏,2470,42.513000000000005,530,1.7719999999999998
4270,近畿大学,3,27,都市圏,27415,54.523,6725,4.271
4278,四條畷学園大学,3,27,都市圏,320,45.495,80,1.5630000000000002
4280,四天王寺大学,3,27,都市圏,3410,47.348,820,2.401
4290,摂南大学,3,27,都市圏,7204,48.518,1690,4.825
4295,千里金蘭大学,3,27,都市圏,960,46.973,240,1.7630000000000001
4300,相愛大学,3,27,都市圏,2000,39.294000000000004,420,0.85
4252,太成学院大学,3,27,都市圏,1456,40.74,360,1.456
4320,帝塚山学院大学,3,27,都市圏,2080,41.95,520,1.379
4325,常磐会学園大学,3,27,都市圏,480,39.372,110,1.4269999999999998
4330,梅花女子大学,3,27,都市圏,1910,45.221000000000004,460,2.278
4335,羽衣国際大学,3,27,都市圏,1190,39.306,280,1.014
4340,阪南大学,3,27,都市圏,4100,45.534,1015,3.102
4343,東大阪大学,3,27,都市圏,360,40.333,85,0.9179999999999999
4345,プール学院大学,3,27,都市圏,825,36.348,170,1.159
4350,桃山学院大学,3,27,都市圏,5960,45.352,1435,3.127
4355,森ノ宮医療大学,3,27,都市圏,800,44.093999999999994,200,1.575
4357,大和大学,3,27,都市圏,1570,50.043,390,1.8769999999999998
4360,芦屋大学,3,28,都市圏,1000,41.0,250,0.6559999999999999
4380,大手前大学,3,28,都市圏,2760,40.858000000000004,670,1.176
4508,関西看護医療大学,3,28,都市圏,320,45.177,80,2.338
4382,関西国際大学,3,28,都市圏,1940,42.578,505,1.5390000000000001
4385,関西福祉大学,3,28,都市圏,1135,45.343999999999994,260,1.5119999999999998
4390,関西学院大学,3,28,都市圏,21910,63.516000000000005,5450,2.653
4397,姫路大学,3,28,都市圏,740,47.365,180,1.913381824902313
4400,甲子園大学,3,28,都市圏,1040,42.361999999999995,260,1.058
4410,甲南大学,3,28,都市圏,7760,55.178999999999995,1935,3.3560000000000003
4420,甲南女子大学,3,28,都市圏,3400,51.48,850,4.913
4395,神戸医療福祉大学,3,28,都市圏,1600,42.0,400,0.555
4430,神戸海星女子学院大学,3,28,都市圏,440,43.045,95,1.7369999999999999
4440,神戸学院大学,3,28,都市圏,9514,46.769,2240,2.93
4450,神戸芸術工科大学,3,28,都市圏,1600,43.511,400,1.3530000000000002
4570,神戸国際大学,3,28,都市圏,1520,41.091,380,1.276
4490,神戸松蔭女子学院大学,3,28,都市圏,2360,42.434,590,3.734
4460,神戸女学院大学,3,28,都市圏,2207,55.07899999999999,556,2.628
4470,神戸女子大学,3,28,都市圏,3020,51.827,745,2.376
4500,神戸親和女子大学,3,28,都市圏,1660,45.58,415,2.4290000000000003
4475,神戸常盤大学,3,28,都市圏,870,47.217,235,1.804
4480,神戸薬科大学,3,28,都市圏,1620,55.641999999999996,270,2.8810000000000002
4505,神戸山手大学,3,28,都市圏,460,40.211999999999996,110,0.664
4520,園田学園女子大学,3,28,都市圏,1410,46.198,350,2.1109999999999998
4530,宝塚大学,3,28,都市圏,2000,43.027,310,1.913381824902313
4532,宝塚医療大学,3,28,都市圏,442,42.938,160,1.113
4540,姫路獨協大学,3,28,都市圏,3110,41.803000000000004,670,1.557
4545,兵庫大学,3,28,都市圏,1480,43.0,370,1.5219999999999998
4550,兵庫医科大学,3,28,都市圏,662,68.47399999999999,112,1.8840000000000001
4552,兵庫医療大学,3,28,都市圏,1620,51.997,330,2.036
4560,武庫川女子大学,3,28,都市圏,7494,57.391999999999996,1705,2.909
4580,流通科学大学,3,28,都市圏,3600,42.688,900,1.508
4585,畿央大学,3,29,地方,1735,55.138999999999996,495,3.582
4590,帝塚山大学,3,29,地方,4800,41.792,1185,2.144
4600,天理大学,3,29,地方,3080,45.848,770,1.3840000000000001
4601,天理医療大学,3,29,地方,300,48.156000000000006,100,1.23
4610,奈良大学,3,29,地方,2400,44.718,534,2.627
4620,奈良学園大学,3,29,地方,1400,46.101000000000006,200,1.425
4630,高野山大学,3,30,地方,200,40.446999999999996,50,1.913381824902313
4638,岡山学院大学,3,33,地方,160,42.0,40,1.375
4640,岡山商科大学,3,33,地方,2530,40.227,550,0.7240000000000001
4650,岡山理科大学,3,33,地方,5424,44.835,1300,2.8369999999999997
4660,川崎医科大学,3,33,地方,660,65.414,110,1.536
4665,川崎医療福祉大学,3,33,地方,3504,50.57899999999999,856,2.001
4667,環太平洋大学,3,33,地方,1762,40.416,500,1.162
4670,吉備国際大学,3,33,地方,2910,49.445,620,0.752
4675,倉敷芸術科学大学,3,33,地方,1771,44.492,445,1.494
4680,くらしき作陽大学,3,33,地方,1592,44.708999999999996,370,1.443
4685,山陽学園大学,3,33,地方,800,45.606,200,1.36
4690,就実大学,3,33,地方,2320,46.762,560,2.454
4695,中国学園大学,3,33,地方,628,42.652,150,1.393
4700,ノートルダム清心女子大学,3,33,地方,1880,52.882,470,2.417
4710,美作大学,3,33,地方,840,48.835,210,1.357
4720,エリザベト音楽大学,3,34,地方,400,38.6,100,0.73
4724,日本赤十字広島看護大学,3,34,地方,510,53.493,125,2.144
4725,比治山大学,3,34,地方,1356,43.217,380,1.963
4730,広島経済大学,3,34,地方,3400,40.641,850,2.019
4740,広島工業大学,3,34,地方,4320,41.17100000000001,1080,3.486
4745,広島国際大学,3,34,地方,4490,52.105,1110,2.5860000000000003
4770,広島国際学院大学,3,34,地方,1280,40.265,320,1.006
4750,広島修道大学,3,34,地方,5040,50.852,1260,3.3480000000000003
4760,広島女学院大学,3,34,地方,1880,46.191,470,1.921
4775,広島都市学園大学,3,34,地方,680,41.446000000000005,280,1.357
4723,広島文化学園大学,3,34,地方,1645,42.043,370,1.6030000000000002
4780,広島文教大学,3,34,地方,1630,43.526,390,1.8559999999999999
4790,福山大学,3,34,地方,4786,40.141,1054,1.25
4795,福山平成大学,3,34,地方,1360,40.134,340,1.626
4800,安田女子大学,3,34,地方,3915,50.605,1015,2.322
4805,宇部フロンティア大学,3,35,地方,630,43.738,150,1.733
4833,至誠館大学,3,35,地方,980,42.0,240,0.23800000000000002
4810,東亜大学,3,35,地方,1280,41.656000000000006,320,0.847
4820,徳山大学,3,35,地方,1150,38.354,280,1.0
4830,梅光学院大学,3,35,地方,1114,41.107,270,1.385
4834,山口学芸大学,3,35,地方,250,44.70399999999999,60,1.933
4835,山陽小野田市立山口東京理科大学,3,35,地方,800,39.902,200,1.65
4840,四国大学,3,36,地方,2394,43.85,580,1.4340000000000002
4850,徳島文理大学,3,36,地方,5820,43.295,1385,1.484
4860,四国学院大学,3,37,地方,1560,40.635,390,0.9590000000000001
4865,高松大学,3,37,地方,719,41.744,175,1.006
4870,聖カタリナ大学,3,38,地方,792,41.87,190,0.968
4880,松山大学,3,38,地方,5620,53.372,1310,3.111
4885,松山東雲女子大学,3,38,地方,460,42.292,110,1.5
4889,九州栄養福祉大学,3,40,地方,920,51.836999999999996,220,1.9409999999999998
4890,九州共立大学,3,40,地方,2600,41.566,650,1.389
4900,九州国際大学,3,40,地方,2400,39.311,600,1.382
4910,九州産業大学,3,40,地方,10810,41.96,2675,2.144
4915,九州情報大学,3,40,地方,720,42.0,180,0.7390000000000001
4920,九州女子大学,3,40,地方,1360,46.055,320,1.944
4930,久留米大学,3,40,地方,6583,49.854,1406,2.406
4940,久留米工業大学,3,40,地方,1240,38.783,290,1.969
1450,産業医科大学,3,40,地方,990,63.144,195,1.338
4947,純真学園大学,3,40,地方,960,44.0,240,2.238
4950,西南学院大学,3,40,地方,6640,58.496,1670,3.89
4955,西南女学院大学,3,40,地方,1550,45.159,390,2.208
4957,聖マリア学院大学,3,40,地方,410,47.331,100,1.99
4970,第一薬科大学,3,40,地方,1038,41.812,173,2.197
4980,筑紫女学園大学,3,40,地方,2460,44.235,610,2.436
5000,中村学園大学,3,40,地方,2660,52.908,640,2.331
5010,西日本工業大学,3,40,地方,1586,38.994,390,1.318
4960,日本経済大学,3,40,地方,6400,40.446999999999996,1600,2.8201661701929033
5015,日本赤十字九州国際看護大学,3,40,地方,400,50.538000000000004,100,2.08
5020,福岡大学,3,40,地方,17120,54.523,4110,3.591
5030,福岡工業大学,3,40,地方,4149,41.563,830,3.6039999999999996
5040,福岡歯科大学,3,40,地方,720,46.333,96,1.594
5050,福岡女学院大学,3,40,地方,2284,45.102,560,1.913
5051,福岡女学院看護大学,3,40,地方,400,49.505,100,2.27
5053,保健医療経営大学,3,40,地方,480,42.067,80,0.85
5060,西九州大学,3,41,地方,1740,44.281000000000006,450,1.6130000000000002
5070,活水女子大学,3,42,地方,1662,45.373000000000005,385,1.901
5073,長崎ウエスレヤン大学,3,42,地方,660,43.0,140,0.629
5071,長崎外国語大学,3,42,地方,740,46.0,170,1.165
5072,長崎国際大学,3,42,地方,2160,43.521,460,1.715
5075,長崎純心大学,3,42,地方,1200,46.04600000000001,300,3.48
5080,長崎総合科学大学,3,42,地方,1080,39.333,235,1.294
5115,九州看護福祉大学,3,43,地方,1440,47.36600000000001,360,1.811
5095,九州ルーテル学院大学,3,43,地方,732,48.065,150,1.453
5110,熊本学園大学,3,43,地方,5570,43.445,1385,1.7730000000000001
5113,熊本保健科学大学,3,43,地方,1280,50.3,320,2.0380000000000003
5120,尚絅大学,3,43,地方,600,46.0,145,1.421
5100,崇城大学,3,43,地方,3640,44.255,740,3.2489999999999997
5125,平成音楽大学,3,43,地方,400,41.446999999999996,100,1.913381824902313
5130,日本文理大学,3,44,地方,2280,39.241,560,0.971
5140,別府大学,3,44,地方,2364,43.58,570,1.0979999999999999
5142,立命館アジア太平洋大学,3,44,地方,5033,55.873000000000005,1200,1.3530000000000002
5145,九州保健福祉大学,3,45,地方,2617,43.141000000000005,565,1.6
5150,南九州大学,3,45,地方,1240,41.934,310,1.39
5155,宮崎国際大学,3,45,地方,470,45.019,150,0.94
5160,宮崎産業経営大学,3,45,地方,800,42.477,200,2.06
5170,鹿児島国際大学,3,46,地方,3190,42.226000000000006,775,1.545
5175,鹿児島純心女子大学,3,46,地方,746,45.589,180,1.367
5180,志學館大学,3,46,地方,1220,41.031000000000006,300,1.913381824902313
5190,第一工業大学,3,46,地方,1440,40.0,360,1.913381824902313
5200,沖縄大学,3,47,地方,2203,42.576,490,1.416
5205,沖縄キリスト教学院大学,3,47,地方,510,38.889,120,0.875
5210,沖縄国際大学,3,47,地方,4716,44.995,1145,2.8201661701929033
